title,url
Zte Smartphone Blade A55 128gb + 4gb Ram Desbloqueado,https://click1.mercadolibre.com.mx/mclics/clicks/external/MLM/count#reviews
Teléfono Android 13 Dual Sim De 10gb+256gb Rom Screen 6.8pulgadas Celular Hd 8000 Mah Smartphone,https://click1.mercadolibre.com.mx/mclics/clicks/external/MLM/count#reviews
Smartphone I14 Pro Max 6.1 Pulgadas 8 Gb Rom 1 Gb Ram Andriod Negro,https://www.mercadolibre.com.mx/android-mobile-14-pro-max-61-pulgadas-de-ram-1-gb-y-rom-/p/MLM2016457939#reviews
Sj Celular S23 Ultra 16g+1 Tb 5g Smartphone 7.3 Pulgadas,https://articulo.mercadolibre.com.mx/MLM-2242803233-sj-celular-s23-ultra-16g1-tb-5g-smartphone-73-pulgadas-_JM_NoIndex_True#reviews
Smartphone I14 Pro Max 6.1 Pulgadas 16 Gb Rom 1 Gb Ram Andriod Dorado,https://www.mercadolibre.com.mx/smartphone-i14-pro-max-61-pulgadas-16-gb-rom-1-gb-ram-andriod-dorado/p/MLM2002603054#reviews
"Mini Smartphone Soyes S23 Pro Android 8.1, Espera-mod Co",https://articulo.mercadolibre.com.mx/MLM-2175383541-mini-smartphone-soyes-s23-pro-android-81-espera-mod-co-_JM_NoIndex_True#reviews
"Mini Smartphone 4g, Teléfono Móvil Pequeño Y Delgado",https://articulo.mercadolibre.com.mx/MLM-2937849512-mini-smartphone-4g-telefono-movil-pequeno-y-delgado-_JM_NoIndex_True#reviews
Ff Teléfono Inteligente Android I15pro Max 16+1tb,https://articulo.mercadolibre.com.mx/MLM-2314785153-ff-telefono-inteligente-android-i15pro-max-161tb-_JM_NoIndex_True#reviews
Realme Narzo 50i Prime Smartphone 6.5'' 4+64gb Octa-core Processor Ai Camera Narzo Phone,https://articulo.mercadolibre.com.mx/MLM-3331492508-realme-narzo-50i-prime-smartphone-65-464gb-octa-core-processor-ai-camera-narzo-phone-_JM_NoIndex_True#reviews
Smartphone Android Barato C20pro 7.3 16 Gb +,https://articulo.mercadolibre.com.mx/MLM-3699011140-smartphone-android-barato-c20pro-73-16-gb--_JM_NoIndex_True#reviews
5.0 Inch Pantalla Inteligente Móvil Dual Sim Móvil Teléfono 1gb + 16gb 1500mah Batería 2mp Rear 2mp Frontal Cámara,https://articulo.mercadolibre.com.mx/MLM-3201230208-50-inch-pantalla-inteligente-movil-dual-sim-movil-telefono-1gb-16gb-1500mah-bateria-2mp-rear-2mp-frontal-camara-_JM_NoIndex_True#reviews
Nuevo I17pro Flip Mini Teléfono Móvil,https://articulo.mercadolibre.com.mx/MLM-3423205756-nuevo-i17pro-flip-mini-telefono-movil-_JM_NoIndex_True#reviews
"Mini Smartphone Soyes S23 Pro Android 8.1, Modo De Espera Co",https://articulo.mercadolibre.com.mx/MLM-3619342530-mini-smartphone-soyes-s23-pro-android-81-modo-de-espera-co-_JM_NoIndex_True#reviews
Mz Smartphone S24 Ultra 6.8 Pulgadas 16 Gb Rom 1 Gb Ram Andriod Negro,https://www.mercadolibre.com.mx/smartphone-s24-ultra-68-pulgadas-16-gb-rom-1-gb-ram-andriod-negro/p/MLM2015620390#reviews
Dual Sim M15 Pro 2025 Últimas Más Popular 5g Wifi Batería De Larga Duración 6.8 Pantalla Grande Celular Android 14 Smartphone 12gb Ram 512gb Rom Negro,https://www.mercadolibre.com.mx/dual-sim-m15-pro-2025-ultimas-mas-popular-5g-wifi-bateria-de-larga-duracion-68-pantalla-grande-celular-android-14-smartphone-12gb-ram-512gb-rom/up/MLMU3126779577#reviews
Dual Sim Reno 12 Pro 12gb Ram 512gb 2025 Último Más Popular Modelo Celular 5g Es Súper Barato 6.7 Pantalla Grande Desbloquea Android 14 Smartphone,https://articulo.mercadolibre.com.mx/MLM-3611118768-dual-sim-reno-12-pro-12gb-ram-512gb-2025-ultimo-mas-popular-modelo-celular-5g-es-super-barato-67-pantalla-grande-desbloquea-android-14-smartphone-_JM_NoIndex_True#reviews
"Super Mini Smartphone, Teléfono Móvil Android Soyes Xs11 Dua",https://articulo.mercadolibre.com.mx/MLM-2254316196-super-mini-smartphone-telefono-movil-android-soyes-xs11-dua-_JM_NoIndex_True#reviews
"Smartphone I14promax Dual Sim,7.3'',6+128gb,doble Sim",https://articulo.mercadolibre.com.mx/MLM-2271411915-smartphone-i14promax-dual-sim736128gbdoble-sim-_JM_NoIndex_True#reviews
Celular Blackview Bv8900 Pro Smartphone Helio P90 6.5'' Fhd,https://articulo.mercadolibre.com.mx/MLM-2006541265-celular-blackview-bv8900-pro-smartphone-helio-p90-65-fhd-_JM_NoIndex_True#reviews
"Teléfono Inteligente Smartphone Android S24 Ultra 16 + 1 Tb,",https://articulo.mercadolibre.com.mx/MLM-2210913241-telefono-inteligente-smartphone-android-s24-ultra-16-1-tb-_JM_NoIndex_True#reviews
"Dual Sim 512gb 16gb Gran Ram I15 Pro Max Smartphone Android 13 5000mah Battery,6.74''2k Resolution Screen, 18mp Camera Tres Colores",https://articulo.mercadolibre.com.mx/MLM-3632660320-dual-sim-512gb-16gb-gran-ram-i15-pro-max-smartphone-android-13-5000mah-battery6742k-resolution-screen-18mp-camera-tres-colores-_JM_NoIndex_True#reviews
Nuevo Teléfono Móvil I17pro Flip Mini Am,https://articulo.mercadolibre.com.mx/MLM-3530745304-nuevo-telefono-movil-i17pro-flip-mini-am-_JM_NoIndex_True#reviews
Mini Smartphone Android Ultrapequeño Para Estudiantes 2024.,https://articulo.mercadolibre.com.mx/MLM-2233799561-mini-smartphone-android-ultrapequeno-para-estudiantes-2024-_JM_NoIndex_True#reviews
"Mini Smartphone 3g, 2,5 Pulgadas, Wifi, Gps, 1 Gb De Ram, 8",https://www.mercadolibre.com.mx/mini-smartphone-3g-25-pulgadas-wifi-gps-1-gb-de-ram-8/p/MLM2003267406#reviews
Smartphone Sony Xperia L1 16gb 2rm Negro,https://www.mercadolibre.com.mx/smartphone-sony-xperia-l1-16gb-2rm/up/MLMU3103901145#reviews
Huawei Y9s Dual Sim 128 Gb 6 Gb Ram (libre),https://articulo.mercadolibre.com.mx/MLM-3582368192-huawei-y9s-dual-sim-128-gb-6-gb-ram-libre-_JM_NoIndex_True#reviews
Docomo Xperia Feat. Smartphone Hatsune Miku So-04e 32gb,https://articulo.mercadolibre.com.mx/MLM-3599577074-docomo-xperia-feat-smartphone-hatsune-miku-so-04e-32gb-_JM_NoIndex_True#reviews
Smartphone Huawei P10 Lite 32 Gb Negro Medianoche 3 Gb Ram Desbloqueado,https://articulo.mercadolibre.com.mx/MLM-3432480526-smartphone-huawei-p10-lite-32-gb-negro-medianoche-3-gb-ram-desbloqueado-_JM_NoIndex_True#reviews
Oneplus 9 Pro 5g Smartphone Snapdragon 888 12gb 256gb Amoled 6.7 Pulgadas 120hz Ip68 48mp Con Carga Rapida 65w Color Plateado (últimas Fotos Reales ),https://articulo.mercadolibre.com.mx/MLM-2310926429-oneplus-9-pro-5g-smartphone-snapdragon-888-12gb-256gb-amoled-67-pulgadas-120hz-ip68-48mp-con-carga-rapida-65w-color-plateado-ultimas-fotos-reales--_JM_NoIndex_True#reviews
Smartphone LG X Power 2gb / LG-k220h Color Oro 13 Megapixeles / Pantalla 5.3 Sd + Sim (seminuevo),https://articulo.mercadolibre.com.mx/MLM-2089530047-smartphone-lg-x-power-2gb-lg-k220h-color-oro-13-megapixeles-pantalla-53-sd-sim-seminuevo-_JM_NoIndex_True#reviews
Smartphone Alcatel 3 (2020) 4gb/64gb Azul Petróleo,https://www.mercadolibre.com.mx/smartphone-alcatel-3-2020-4gb64gb/up/MLMU3010706410#reviews
Smartphone Samsung S23 Ultra 512gb Negroo Nuevo Leer Descripcion,https://articulo.mercadolibre.com.mx/MLM-2318211015-smartphone-samsung-s23-ultra-512gb-negroo-nuevo-leer-descripcion-_JM_NoIndex_True#reviews
Smartphone Moto G53 5g De 128 Gb 6bg Ram Pantalla 120hz Liberado (nuevo) + Funda Negro,https://www.mercadolibre.com.mx/smartphone-moto-g53-5g-de-128-gb--6bg-ram-pantalla-120hz-liberado-nuevo--funda/up/MLMU3174038334#reviews
Smartphone Redmi 8a,https://articulo.mercadolibre.com.mx/MLM-1773020607-smartphone-redmi-8a-_JM_NoIndex_True#reviews
Smartphone Vivo Y03 128gb 4+4gb Ram Liberado,https://articulo.mercadolibre.com.mx/MLM-3629000856-smartphone-vivo-y03-128gb-44gb-ram-liberado-_JM_NoIndex_True#reviews
Smartphone Star F9002 Blanco Para Piezas + Cubierta Adicional + Batería Adicional,https://articulo.mercadolibre.com.mx/MLM-2180039457-smartphone-star-f9002-blanco-para-piezas-cubierta-adicional-bateria-adicional-_JM_NoIndex_True#reviews
Celular Huawei Nova Y61 Azul Liberado 64 Gb,https://articulo.mercadolibre.com.mx/MLM-3646460526-celular-huawei-nova-y61-azul-liberado-64-gb-_JM_NoIndex_True#reviews
Smartphone Kodak Seren D55l 32gb 2gb Ram,https://www.mercadolibre.com.mx/smartphone-kodak-seren-d55l-32gb-2gb-ram/p/MLM21462902#reviews
Smartphone Vivo Y03 128gb 4+4gb Ram Liberdo Negro,https://www.mercadolibre.com.mx/smartphone-vivo-y03-128gb-44gb-ram-liberdo/up/MLMU3163622595#reviews
Oppo A72 128 Gb Gsm Desbloqueado De Fábrica 4glte Smartphone Twilight Black,https://articulo.mercadolibre.com.mx/MLM-2094823569-oppo-a72-128-gb-gsm-desbloqueado-de-fabrica-4glte-smartphone-twilight-black-_JM_NoIndex_True#reviews
"Smartphones Oukitel Wp200 Pro 24 Gb De Ram 1 Tb Rom Celulares Resistentes 8580 Mah, 45 W De Carga Rápida 108-32 Mp/pulsera/android 15",https://articulo.mercadolibre.com.mx/MLM-3639117188-smartphones-oukitel-wp200-pro-24-gb-de-ram-1-tb-rom-celulares-resistentes-8580-mah-45-w-de-carga-rapida-108-32-mppulseraandroid-15-_JM_NoIndex_True#reviews
"Celulares Seminuevos Mitsui 2gb Ram 32gb Memoria, Android 9",https://articulo.mercadolibre.com.mx/MLM-1855524313-celulares-seminuevos-mitsui-2gb-ram-32gb-memoria-android-9-_JM_NoIndex_True#reviews
"H606 4g Smartphone Dual Sim Con 3+32gb, Gran Pantalla 6.1 Pulgadas Hd, Alimentado Por Procesador Octa-core, Cámara Trasera Triple 13mp",https://articulo.mercadolibre.com.mx/MLM-3568145074-h606-4g-smartphone-dual-sim-con-332gb-gran-pantalla-61-pulgadas-hd-alimentado-por-procesador-octa-core-camara-trasera-triple-13mp-_JM_NoIndex_True#reviews
Samsung Smartphone Galaxy Z Fold6 256gb Crafted Black Color Negro,https://www.mercadolibre.com.mx/samsung-smartphone-galaxy-z-fold6-256gb-crafted-black-color-negro/p/MLM47191166#reviews
Twl F1x Teléfonos Celular Dual Sim Android 10 6.26 Hd 2+16gb Soporte Expansión 128 Gb Con Reconocimiento Facial Doble Cámara Smartphone,https://articulo.mercadolibre.com.mx/MLM-2005885751-twl-f1x-telefonos-celular-dual-sim-android-10-626-hd-216gb-soporte-expansion-128-gb-con-reconocimiento-facial-doble-camara-smartphone-_JM_NoIndex_True#reviews
Telefono Economico True Slim Phone Pantalla 5.5pulgadas Dual Sim 2+16gb Reconocimiento Facial 4g,https://articulo.mercadolibre.com.mx/MLM-3450412080-telefono-economico-true-slim-phone-pantalla-55pulgadas-dual-sim-216gb-reconocimiento-facial-4g-_JM_NoIndex_True#reviews
Smartphone Google Pixel 9 Pro 128gb Camara Triple Bateria 24h,https://articulo.mercadolibre.com.mx/MLM-3600883852-smartphone-google-pixel-9-pro-128gb-camara-triple-bateria-24h-_JM_NoIndex_True#reviews
Smartphone Samsung Galaxy Z Flip5 5g 256 GB 8 GB RAM Grafito - Excelente (Reacondicionado),https://www.mercadolibre.com.mx/smartphone-samsung-galaxy-z-flip5-5g-256-gb-8-gb-ram-grafito-excelente-reacondicionado/p/MLM2000044857#reviews
Celular Mitsui 2 Ram 32 Gb Dual Sim,https://articulo.mercadolibre.com.mx/MLM-1814965511-celular-mitsui-2-ram-32-gb-dual-sim-_JM_NoIndex_True#reviews
¡Smartphone Motorola Moto C 16gb Xt-1754 de doble chip! - Bueno (Reacondicionado),https://www.mercadolibre.com.mx/smartphone-motorola-moto-c-16gb-xt-1754-de-doble-chip-bueno-reacondicionado/p/MLM2010852786#reviews
"Smartphone Redbeat D5 Android 14, 3 + 3gb Ram, 128gb Rom, Cámara 13mp+5mp, Pantalla Hd 6.52 , Batería De Gran Capacidad De 5000 Mah",https://articulo.mercadolibre.com.mx/MLM-3534226616-smartphone-redbeat-d5-android-14-3-3gb-ram-128gb-rom-camara-13mp5mp-pantalla-hd-652-bateria-de-gran-capacidad-de-5000-mah-_JM_NoIndex_True#reviews
Smartphone Google Pixel 9 Pro 256gb Camara Triple Bateria 24h,https://articulo.mercadolibre.com.mx/MLM-3600858396-smartphone-google-pixel-9-pro-256gb-camara-triple-bateria-24h-_JM_NoIndex_True#reviews
Zte Smartphone Blade A55 128gb + 4gb Ram Desbloqueado,https://click1.mercadolibre.com.mx/mclics/clicks/external/MLM/count#reviews
Teléfono Android 13 Dual Sim De 10gb+256gb Rom Screen 6.8pulgadas Celular Hd 8000 Mah Smartphone,https://click1.mercadolibre.com.mx/mclics/clicks/external/MLM/count#reviews
Teléfonos Inteligentes Android Baratos S23 Ultra Amarillo 6.1 En 1gb Ram 8gb Rom,https://www.mercadolibre.com.mx/cheap-android-smartphones-s23-ultra-yellow-cream-61-in-1gb/p/MLM2004241088#reviews
Mini Smartphone 4g Teléfonos 2500mah 3.0 Pulgadas Android 10,https://articulo.mercadolibre.com.mx/MLM-3637219700-mini-smartphone-4g-telefonos-2500mah-30-pulgadas-android-10-_JM_NoIndex_True#reviews
Smartphone X7a 128gb /6ram Azul Náutico Honor,https://www.mercadolibre.com.mx/smartphone-x7a-128gb-6ram-azul-nautico-honor/p/MLM22101842#reviews
"Smartphone Motorola Edge 50 Neo 5G, 256 GB, 16 GB, Ram Boost, 50 MP, cámara Sony Moto Ai Ip68 NFC, gris - Excelente (Reacondicionado)",https://www.mercadolibre.com.mx/smartphone-motorola-edge-50-neo-5g-256-gb-16-gb-ram-boost-50-mp-camara-sony-moto-ai-ip68-nfc-gris-excelente-reacondicionado/p/MLM2000082993#reviews
Teléfono Móvil Kxd A08 64 Gb Rom 4 Gb Ram 4500 Mah Dual Sim,https://articulo.mercadolibre.com.mx/MLM-3325426830-telefono-movil-kxd-a08-64-gb-rom-4-gb-ram-4500-mah-dual-sim-_JM_NoIndex_True#reviews
"Xiaomi Redmi Note 12 Pro 5g Smartphone, 128gb, 8gb Ram, Dual Sim,6.67 In Oled Display, 120hz, 50mp Ai Camera, 4k Video, 67w Fast Charge, Unlocked",https://articulo.mercadolibre.com.mx/MLM-3412027470-xiaomi-redmi-note-12-pro-5g-smartphone-128gb-8gb-ram-dual-sim667-in-oled-display-120hz-50mp-ai-camera-4k-video-67w-fast-charge-unlocked-_JM_NoIndex_True#reviews
Bmobile Smartphone B60 Pro Violeta 3g Desbloqueado Msi,https://articulo.mercadolibre.com.mx/MLM-2193431673-bmobile-smartphone-b60-pro-violeta-3g-desbloqueado-msi-_JM_NoIndex_True#reviews
Teléfonos Inteligentes Android Baratos Reno8 Pro 4.66 En Ram512mb Y Rom4gb Azul,https://www.mercadolibre.com.mx/cheap-android-smartphones-reno8-pro-467-pulgads-ram512mb-an/p/MLM2004460389#reviews
"Zte Smartphone Axon 70 Dorado 6.7 120hz, Camara 108mp Y 256gb+16gb Ram(6gb+10gb Dimamica), Batería 5000mah Carga Rápida, Android 14 Dorado",https://www.mercadolibre.com.mx/zte-smartphone-axon-70-dorado-67-120hz-camara-108mp-y-256gb16gb-ram6gb10gb-dimamica-bateria-5000mah-carga-rapida-android-14/up/MLMU3119880526#reviews
Mini Smartphone Android Ultrapequeño Para Estudiantes,https://articulo.mercadolibre.com.mx/MLM-2315557775-mini-smartphone-android-ultrapequeno-para-estudiantes-_JM_NoIndex_True#reviews
Roiesvry Xs16 Mini Smartphone De 3 Pulgadas 4g Lte Android,https://articulo.mercadolibre.com.mx/MLM-3700670700-roiesvry-xs16-mini-smartphone-de-3-pulgadas-4g-lte-android-_JM_NoIndex_True#reviews
El Mini Smartphone Android Ultrapequeño Para Estudiantes.,https://articulo.mercadolibre.com.mx/MLM-3700683422-el-mini-smartphone-android-ultrapequeno-para-estudiantes-_JM_NoIndex_True#reviews
Mini Smartphone Android Ultrapequeño Para Estudiantes,https://articulo.mercadolibre.com.mx/MLM-3700696248-mini-smartphone-android-ultrapequeno-para-estudiantes-_JM_NoIndex_True#reviews
"Mini Smartphone Xs15 Android Potente, Pantalla 3.0 Ultra",https://articulo.mercadolibre.com.mx/MLM-3659696520-mini-smartphone-xs15-android-potente-pantalla-30-ultra-_JM_NoIndex_True#reviews
"Celular Oscal Tiger 12 Smartphone 6.78 Pulgadas 120 Hz Pantalla 2.4k, 8+128gb",https://articulo.mercadolibre.com.mx/MLM-2995552126-celular-oscal-tiger-12-smartphone-678-pulgadas-120-hz-pantalla-24k-8128gb-_JM_NoIndex_True#reviews
S24 Ultra 2025 El Último Smartphone Con 5g Wifi Internet Rápida Súper Velocidad Ultra Barato 6.74 Pantalla Grande Desbloqueada Dual Sim 16gb+512gb,https://articulo.mercadolibre.com.mx/MLM-2238581565-s24-ultra-2025-el-ultimo-smartphone-con-5g-wifi-internet-rapida-super-velocidad-ultra-barato-674-pantalla-grande-desbloqueada-dual-sim-16gb512gb-_JM_NoIndex_True#reviews
2025 Smartphone S22uitra 6.26 Pulgadas 8 Gb Rom 1 Gb Ram Andriod,https://articulo.mercadolibre.com.mx/MLM-3585364024-2025-smartphone-s22uitra-626-pulgadas-8-gb-rom-1-gb-ram-andriod-_JM_NoIndex_True#reviews
A Roiesvry Xs16 Mini Smartphone De 3 Pulgadas 4g Lte Android,https://articulo.mercadolibre.com.mx/MLM-2166113877-a-roiesvry-xs16-mini-smartphone-de-3-pulgadas-4g-lte-android-_JM_NoIndex_True#reviews
Smartphone Samsung Galaxy S23 Plus 512 Gb verde - Bueno (Reacondicionado),https://www.mercadolibre.com.mx/smartphone-samsung-galaxy-s23-plus-512-gb-verde-bueno-reacondicionado/p/MLM2000082743#reviews
2025 Celulares Y Smartphones Cámara C20 Ultra Alta Definición Reconocimiento De Huellas Dactilares De Pantalla De Doble Tarjeta,https://articulo.mercadolibre.com.mx/MLM-2286393385-2025-celulares-y-smartphones-camara-c20-ultra-alta-definicion-reconocimiento-de-huellas-dactilares-de-pantalla-de-doble-tarjeta-_JM_NoIndex_True#reviews
"Teléfono Celular Blackview Bv9300 Pro 24 Gb 256 Gb Rom, Resistente Al Agua, Color Verde",https://articulo.mercadolibre.com.mx/MLM-3602001766-telefono-celular-blackview-bv9300-pro-24-gb-256-gb-rom-resistente-al-agua-color-verde-_JM_NoIndex_True#reviews
F8pro Max Mini Smartphone 3.0 Pulgadas Android Dual Sim Mini Teléfono De Bolsillo,https://articulo.mercadolibre.com.mx/MLM-2190440313-f8pro-max-mini-smartphone-30-pulgadas-android-dual-sim-mini-telefono-de-bolsillo-_JM_NoIndex_True#reviews
2025 El Más Popular Teléfono Inteligente I16 Pro Max Desbloquea Dual Sim 12gb Ram 512gb Rom Smartphone Android 14 5g Wifi Más Barato Celular,https://articulo.mercadolibre.com.mx/MLM-3581754370-2025-el-mas-popular-telefono-inteligente-i16-pro-max-desbloquea-dual-sim-12gb-ram-512gb-rom-smartphone-android-14-5g-wifi-mas-barato-celular-_JM_NoIndex_True#reviews
"Mini Teléfono Inteligente Soyes Xs11, Vídeo 3d, Doble Sim, P",https://articulo.mercadolibre.com.mx/MLM-2242987953-mini-telefono-inteligente-soyes-xs11-video-3d-doble-sim-p-_JM_NoIndex_True#reviews
E63 Smartphone 3g Botón Teléfono Recto,https://articulo.mercadolibre.com.mx/MLM-3625537654-e63-smartphone-3g-boton-telefono-recto-_JM_NoIndex_True#reviews
Twl Teléfono S501a Dual Sim 3g Soporte Expansión 32 Gb Android 10 Smartphone Con Reconocimiento Facial 1gb Ram+16gb 5 Pulgadas Hd Smartphone,https://articulo.mercadolibre.com.mx/MLM-3350961590-twl-telefono-s501a-dual-sim-3g-soporte-expansion-32-gb-android-10-smartphone-con-reconocimiento-facial-1gb-ram16gb-5-pulgadas-hd-smartphone-_JM_NoIndex_True#reviews
Ff Hk Edición Especial Smartphone Povo5 Pro Global Version,https://articulo.mercadolibre.com.mx/MLM-2195727431-ff-hk-edicion-especial-smartphone-povo5-pro-global-version-_JM_NoIndex_True#reviews
Smartphone X10 Techpad Triple Camara 6.5 Hd Android 11 Go Color Gris,https://www.mercadolibre.com.mx/smartphone-x10-techpad-triple-camara-65-hd-android-11-go-color-gris/p/MLM19915752#reviews
Smarthphone Logic L66 Lite 4gb Ram 128gb Dual Sim Negro,https://articulo.mercadolibre.com.mx/MLM-2989851394-smarthphone-logic-l66-lite-4gb-ram-128gb-dual-sim-negro-_JM_NoIndex_True#reviews
Teléfono Inteligente Smartphone Android S24 Ultra 16 + 1 Tb,https://articulo.mercadolibre.com.mx/MLM-3294861030-telefono-inteligente-smartphone-android-s24-ultra-16-1-tb-_JM_NoIndex_True#reviews
Dual Sim Reno 12 Pro 2025 El Más Popular 5g Wifi Es Barato 6.7 Pantalla Grande Android 14 Desbloquea 12gb+512gb Batería De Larga Duración Smartphone,https://articulo.mercadolibre.com.mx/MLM-3581346676-dual-sim-reno-12-pro-2025-el-mas-popular-5g-wifi-es-barato-67-pantalla-grande-android-14-desbloquea-12gb512gb-bateria-de-larga-duracion-smartphone-_JM_NoIndex_True#reviews
Smartphone Samsung Galaxy S24 Negro 128gb Desbloqueado,https://articulo.mercadolibre.com.mx/MLM-3433721092-smartphone-samsung-galaxy-s24-negro-128gb-desbloqueado-_JM_NoIndex_True#reviews
Teléfono Plegables Flip Gsm Teléfono Espera Súper,https://articulo.mercadolibre.com.mx/MLM-2096030451-telefono-plegables-flip-gsm-telefono-espera-super-_JM_NoIndex_True#reviews
"[75%] Mini Smartphone Soyes Xs15, Android, Pantalla De 3.0 Pulgada",https://articulo.mercadolibre.com.mx/MLM-2241285315-75-mini-smartphone-soyes-xs15-android-pantalla-de-30-pulgada-_JM_NoIndex_True#reviews
Bmobile Smartphone Ax1076+ Negro Dual Sim Desbloqueado Android Msi,https://articulo.mercadolibre.com.mx/MLM-3469377464-bmobile-smartphone-ax1076-negro-dual-sim-desbloqueado-android-msi-_JM_NoIndex_True#reviews
Mini Celular Teléfono Miniatura Smart Phone Pequeño,https://articulo.mercadolibre.com.mx/MLM-3555380054-mini-celular-telefono-miniatura-smart-phone-pequeno-_JM_NoIndex_True#reviews
Smartphone 3g Android I14 Promax 6.3 Pulgadas 2g+16g,https://articulo.mercadolibre.com.mx/MLM-2009498603-smartphone-3g-android-i14-promax-63-pulgadas-2g16g-_JM_NoIndex_True#reviews
I16 Pro Max Dual Sim Smartphone 2025 Últimas Más Barato Teléfono 12gb+512gb 6.8 Pulgadas Pantalla Ofertas Soporta Red 4g/5g Wifi Celular Android 14,https://articulo.mercadolibre.com.mx/MLM-2260398349-i16-pro-max-dual-sim-smartphone-2025-ultimas-mas-barato-telefono-12gb512gb-68-pulgadas-pantalla-ofertas-soporta-red-4g5g-wifi-celular-android-14-_JM_NoIndex_True#reviews
"Mini Smartphone Roisevry Xs16 De 3 Pulgadas, 4g Lte, Android",https://articulo.mercadolibre.com.mx/MLM-2135379113-mini-smartphone-roisevry-xs16-de-3-pulgadas-4g-lte-android-_JM_NoIndex_True#reviews
Mini Teléfono Inteligente Android Ultrapequeño Para Estudiar,https://articulo.mercadolibre.com.mx/MLM-2258241415-mini-telefono-inteligente-android-ultrapequeno-para-estudiar-_JM_NoIndex_True#reviews
Celulares Smartphone Pova5 Insignia Último Procesador Proceso De Red 5g Pantalla De Visualización De Gran Tamaño Excelente Calidad Un Año De Garantía,https://articulo.mercadolibre.com.mx/MLM-3648806820-celulares-smartphone-pova5-insignia-ultimo-procesador-proceso-de-red-5g-pantalla-de-visualizacion-de-gran-tamano-excelente-calidad-un-ano-de-garantia-_JM_NoIndex_True#reviews
Celulares Y Smartphones Negro Pova 5 Pro Dual Sim 512gb Rom Nacional Con Garantía 5g Smartphone,https://articulo.mercadolibre.com.mx/MLM-3650649332-celulares-y-smartphones-negro-pova-5-pro-dual-sim-512gb-rom-nacional-con-garantia-5g-smartphone-_JM_NoIndex_True#reviews
2025 Roiesvry Xs16 Mini Smartphone De 3 Pulgadas 4g Lte Android,https://articulo.mercadolibre.com.mx/MLM-2233409497-2025-roiesvry-xs16-mini-smartphone-de-3-pulgadas-4g-lte-android-_JM_NoIndex_True#reviews
Motorola Razr 50 5g Smartphone 256gb 8gb Dual Sim Teléfono Inteligente Plegable Con Nfc Negro,https://articulo.mercadolibre.com.mx/MLM-3307036290-motorola-razr-50-5g-smartphone-256gb-8gb-dual-sim-telefono-inteligente-plegable-con-nfc-negro-_JM_NoIndex_True#reviews
Súper Asequible Teléfono Móvil De Gran Venta Camon 20 Dual Sim Dimensity 8050 Ram12+512gb 8 Núcleos Batería 5000mah Pantalla 6.67''android 13 5g Wifi,https://articulo.mercadolibre.com.mx/MLM-3657376136-super-asequible-telefono-movil-de-gran-venta-camon-20-dual-sim-dimensity-8050-ram12512gb-8-nucleos-bateria-5000mah-pantalla-667android-13-5g-wifi-_JM_NoIndex_True#reviews
Mini Smartphone Android Ultrapequeño Para Estudiantes.,https://articulo.mercadolibre.com.mx/MLM-3586568792-mini-smartphone-android-ultrapequeno-para-estudiantes-_JM_NoIndex_True#reviews
Gamakoo G23 Ultra Dual Sim 8+256gb 7 Desbloquea Smartphone,https://articulo.mercadolibre.com.mx/MLM-2968478434-gamakoo-g23-ultra-dual-sim-8256gb-7-desbloquea-smartphone-_JM_NoIndex_True#reviews
Smartphone Android Barato C20pro 7.3 16 Gb +,https://articulo.mercadolibre.com.mx/MLM-3698998474-smartphone-android-barato-c20pro-73-16-gb--_JM_NoIndex_True#reviews
Dual Sim Android Vove Reno 11f Desbloquea 512gb/16gb Ram 2025 Ultimas Ofertas Soporta 5g Wifi Android 14 Batería De Larga Duración Smartphone,https://articulo.mercadolibre.com.mx/MLM-2268355391-dual-sim-android-vove-reno-11f-desbloquea-512gb16gb-ram-2025-ultimas-ofertas-soporta-5g-wifi-android-14-bateria-de-larga-duracion-smartphone-_JM_NoIndex_True#reviews
Ff Teléfono Inteligente Android I15pro Max 16+1tb,https://articulo.mercadolibre.com.mx/MLM-3698946790-ff-telefono-inteligente-android-i15pro-max-161tb-_JM_NoIndex_True#reviews
Zte Smartphone Blade A55 128gb + 4gb Ram Desbloqueado,https://click1.mercadolibre.com.mx/mclics/clicks/external/MLM/count#reviews
Teléfono Android 13 Dual Sim De 10gb+256gb Rom Screen 6.8pulgadas Celular Hd 8000 Mah Smartphone,https://click1.mercadolibre.com.mx/mclics/clicks/external/MLM/count#reviews
Doogee Blade 10 Power Android Telefono Celular Barato Smartphone Ai Main Camera/face Id/huella Dactilar/nfc/wifi6/dual Sim/ip69k,https://articulo.mercadolibre.com.mx/MLM-3501923884-doogee-blade-10-power-android-telefono-celular-barato-smartphone-ai-main-cameraface-idhuella-dactilarnfcwifi6dual-simip69k-_JM#reviews
Teléfonos Inteligentes Android Baratos 4g S25 Ultra 6.6 Pulgadas Ram2gb Rom16gb Verde,https://www.mercadolibre.com.mx/smartphones-baratos-s25-ultra-4g-ram2gb-y-rom16gb-verde/p/MLM2011490704#reviews
M15 Pro Dual Sim 512gb+12gb Ram 2025 El Más Populares Smartphone Soporta Red 5g Android 14 Batería De Larga Duración 6.8 Pulgadas Pantalla,https://articulo.mercadolibre.com.mx/MLM-3593139962-m15-pro-dual-sim-512gb12gb-ram-2025-el-mas-populares-smartphone-soporta-red-5g-android-14-bateria-de-larga-duracion-68-pulgadas-pantalla-_JM_NoIndex_True#reviews
Celular Smartphone Android Kodak Seren D40 Android 11 Negro,https://www.mercadolibre.com.mx/celular-smartphone-android-kodak-seren-d40-android-11/up/MLMU3049384456#reviews
2025 Celulares Y Smartphones Negro C20 Hd+ Pantalla Huella Dactilar Supercharge 512gb Rom 5000 Mah,https://articulo.mercadolibre.com.mx/MLM-3650570804-2025-celulares-y-smartphones-negro-c20-hd-pantalla-huella-dactilar-supercharge-512gb-rom-5000-mah-_JM_NoIndex_True#reviews
Flip Phone Sim Smartphone Botón Grande Para Personas Mayores,https://articulo.mercadolibre.com.mx/MLM-2247831882-flip-phone-sim-smartphone-boton-grande-para-personas-mayores-_JM_NoIndex_True#reviews
S25 Ultra Dual Sim 512gb/16gb Ram Global Desbloqueado Celulares 2025 Nuevos Smartphone Android 14 5g Wifi Ofertas Promocionales Pantalla Hd,https://articulo.mercadolibre.com.mx/MLM-3699263484-s25-ultra-dual-sim-512gb16gb-ram-global-desbloqueado-celulares-2025-nuevos-smartphone-android-14-5g-wifi-ofertas-promocionales-pantalla-hd-_JM_NoIndex_True#reviews
2025 Más Barato Smartphone Reno13 Pro Dual Sim 16gb Ram 512g Teléfono Inteligente 5g Wifi Celulares Batería De Larga Duración Android 14 Desbloqueado,https://articulo.mercadolibre.com.mx/MLM-3603791960-2025-mas-barato-smartphone-reno13-pro-dual-sim-16gb-ram-512g-telefono-inteligente-5g-wifi-celulares-bateria-de-larga-duracion-android-14-desbloqueado-_JM_NoIndex_True#reviews
Honor Magic 6 Lite 5g 8+512 Gb Verde Sin Cargador,https://articulo.mercadolibre.com.mx/MLM-3577388040-honor-magic-6-lite-5g-8512-gb-verde-sin-cargador-_JM_NoIndex_True#reviews
Honor Magic V2 Smartphone 16gb Ram 512gb Dual Sim Teléfono 5g Snapdragon 8 Gen 2 Celular Android 5000 Mah Batería,https://articulo.mercadolibre.com.mx/MLM-2964330176-honor-magic-v2-smartphone-16gb-ram-512gb-dual-sim-telefono-5g-snapdragon-8-gen-2-celular-android-5000-mah-bateria-_JM_NoIndex_True#reviews
Smartphone 6gb Ram 128rom Octa Core 4g,https://www.mercadolibre.com.mx/smartphone-6gb-ram-128rom-octa-core-4g/p/MLM2005799443#reviews
Soyes Xs18 Pro Max Mini Smartphone 4.3 Pulgadas Pantalla 2gb Ram 16gb Rom 2750mah Android 10.0,https://articulo.mercadolibre.com.mx/MLM-3495247814-soyes-xs18-pro-max-mini-smartphone-43-pulgadas-pantalla-2gb-ram-16gb-rom-2750mah-android-100-_JM_NoIndex_True#reviews
V60 Smartphone Dual Sim 4g Android 10 6+128gb Ram 6.52 '' Fullhd Celular Con Reconocimiento Facial Y Desbloqueo De Huellas Dactilares 4800 Mah,https://articulo.mercadolibre.com.mx/MLM-3645368330-v60-smartphone-dual-sim-4g-android-10-6128gb-ram-652-fullhd-celular-con-reconocimiento-facial-y-desbloqueo-de-huellas-dactilares-4800-mah-_JM_NoIndex_True#reviews
Smartphone Nyx Ego 3g Telcel,https://articulo.mercadolibre.com.mx/MLM-3592935434-smartphone-nyx-ego-3g-telcel-_JM_NoIndex_True#reviews
. M6 Pro 5g Carga Inalámbrica 7.3 Smartphone Android 16gb+1tb,https://articulo.mercadolibre.com.mx/MLM-2205287295--m6-pro-5g-carga-inalambrica-73-smartphone-android-16gb1tb-_JM_NoIndex_True#reviews
Smartphone Reno12 Pro Dual Sim 12gb Ram+512gb Rom 2025 El Más Popular Teléfono Inteligente Android 14 Red 5g Wifi Más Barato Celular,https://articulo.mercadolibre.com.mx/MLM-2268489411-smartphone-reno12-pro-dual-sim-12gb-ram512gb-rom-2025-el-mas-popular-telefono-inteligente-android-14-red-5g-wifi-mas-barato-celular-_JM_NoIndex_True#reviews
Mini Smartphone Rojo 4g Android 9.0 2 Gb Ram 16 Gb Rom Teléfono Inteligente,https://articulo.mercadolibre.com.mx/MLM-3597914534-mini-smartphone-rojo-4g-android-90-2-gb-ram-16-gb-rom-telefono-inteligente-_JM_NoIndex_True#reviews
2025 Últimas El Precio Más Barato S25 Ultra Dual Sim 16gb+512gb Ofertas Soporta Red 4g/5g Wifi Celular Android 14 Smartphone 6.8 Pulgadas Pantalla Negro,https://www.mercadolibre.com.mx/2025-ultimas-el-precio-mas-barato-s25-ultra-dual-sim-16gb512gb-ofertas-soporta-red-4g5g-wifi-celular-android-14-smartphone-68-pulgadas-pantalla/up/MLMU3182388062#reviews
2025 Últimas El Precio Dual Sim Smartphone Vove Camon 20 Pulgadas Pantalla 6.67 Dimensity 8050 Ram12+512gb Más Barato Batería 5000mah Android 13,https://articulo.mercadolibre.com.mx/MLM-3620520724-2025-ultimas-el-precio-dual-sim-smartphone-vove-camon-20-pulgadas-pantalla-667-dimensity-8050-ram12512gb-mas-barato-bateria-5000mah-android-13-_JM_NoIndex_True#reviews
"Smartphone Infantil Para Estudiantes Con Diseño De Gato, Modelo 2023",https://articulo.mercadolibre.com.mx/MLM-2206683497-smartphone-infantil-para-estudiantes-con-diseno-de-gato-modelo-2023-_JM_NoIndex_True#reviews
"Mini Smartphone Android Ultrapequeño Para Estudiantes, 5 Unidades",https://articulo.mercadolibre.com.mx/MLM-3673386806-mini-smartphone-android-ultrapequeno-para-estudiantes-5-unidades-_JM_NoIndex_True#reviews
Nokia/nokia1616 Teléfono Móvil 2g Con Teclado No Inteligente,https://articulo.mercadolibre.com.mx/MLM-2235409503-nokianokia1616-telefono-movil-2g-con-teclado-no-inteligente-_JM_NoIndex_True#reviews
Smartphone Hmd Skyline | Dual Sim | Android 14 | Batería De 2 Días | Pantalla 6.55 Poled 144hz Con Hdr10 | 12gb Ram + 256gb | Cámara Triple 108 Mp | Cámara Frontal 50 Mp | Versión Internacional | Col,https://www.mercadolibre.com.mx/smartphone-hmd-skyline-dual-sim-android-14-bateria-de-2-dias-pantalla-655-poled-144hz-con-hdr10-12gb-ram-256gb-camara-triple-108-mp-camara-frontal-50-mp-version-internacional-col/p/MLM43432947#reviews
Smartphone C37s De 4 Pulgadas Con Pantalla Pequeña Y 4g,https://articulo.mercadolibre.com.mx/MLM-3635650130-smartphone-c37s-de-4-pulgadas-con-pantalla-pequena-y-4g-_JM_NoIndex_True#reviews
Hellokitty Smartphone Students New Kids 2023,https://articulo.mercadolibre.com.mx/MLM-2140843987-hellokitty-smartphone-students-new-kids-2023-_JM_NoIndex_True#reviews
Gamakoo G14 Pro Max 5g 6.8 4gb+128gb Unlocked Smartphone Cell Phone Android 5000mah,https://articulo.mercadolibre.com.mx/MLM-2968204340-gamakoo-g14-pro-max-5g-68-4gb128gb-unlocked-smartphone-cell-phone-android-5000mah-_JM_NoIndex_True#reviews
"Mini Smartphone Soyes Xs15, Android, Pantalla De 3,0 Pulgada",https://articulo.mercadolibre.com.mx/MLM-3559068518-mini-smartphone-soyes-xs15-android-pantalla-de-30-pulgada-_JM_NoIndex_True#reviews
Smartphone De Eficacia Android S24 Ultra 8+256gb,https://articulo.mercadolibre.com.mx/MLM-3576352648-smartphone-de-eficacia-android-s24-ultra-8256gb-_JM_NoIndex_True#reviews
"Smartphones S23 Ultra, Teléfono Inteligente De 6.7 P",https://articulo.mercadolibre.com.mx/MLM-3511224794-smartphones-s23-ultra-telefono-inteligente-de-67-p-_JM_NoIndex_True#reviews
Teléfono Inteligente Android Barato I14 Pro Max 6.1 Pulgadas,https://articulo.mercadolibre.com.mx/MLM-2261244589-telefono-inteligente-android-barato-i14-pro-max-61-pulgadas-_JM_NoIndex_True#reviews
"Mini Smartphone 3g, 2,5 Pulgadas, Wifi, Gps, 1 Gb De Ram, 8",https://www.mercadolibre.com.mx/q-mini-smartphone-3g-25-pulgadas-wifi-gps-1-gb-de-ram-8/p/MLM2009634106#reviews
Celular Android 4g Hot40 Pro De 6.8 En Azul,https://www.mercadolibre.com.mx/sj-android-celulares-4g-hot40-pro-68-pulgadas-barato-ram2gb-rom16gb-azul/p/MLM2013167438#reviews
Hellokitty Smartphone Students New Kids 2024,https://articulo.mercadolibre.com.mx/MLM-3398727798-hellokitty-smartphone-students-new-kids-2024-_JM_NoIndex_True#reviews
"Celulares Y Smartphones C20 Los Teléfonos Móviles Musicales No Dañan La Calidad Del Sonido, Hd+ Pantalla, 1 Año De Garantía -blanco",https://articulo.mercadolibre.com.mx/MLM-2289967227-celulares-y-smartphones-c20-los-telefonos-moviles-musicales-no-danan-la-calidad-del-sonido-hd-pantalla-1-ano-de-garantia-blanco-_JM_NoIndex_True#reviews
Smartphone I14 Pro Max 6.3 Pulgadas 16 Gb Rom 1 Gb Ram Andriod,https://articulo.mercadolibre.com.mx/MLM-2242866745-smartphone-i14-pro-max-63-pulgadas-16-gb-rom-1-gb-ram-andriod-_JM_NoIndex_True#reviews
Dual Sim Reno 11f 2025 Últimas El Más Popular Teléfono 5g Wifi Celular Android 14 Más Barato Smartphone 16gb Ram 512gb Rom 6.78 Pantalla Desbloqueada,https://articulo.mercadolibre.com.mx/MLM-2294966929-dual-sim-reno-11f-2025-ultimas-el-mas-popular-telefono-5g-wifi-celular-android-14-mas-barato-smartphone-16gb-ram-512gb-rom-678-pantalla-desbloqueada-_JM_NoIndex_True#reviews
Teléfono Con Teclado 3g Y Barra Para Smartphone 6700 Classic,https://articulo.mercadolibre.com.mx/MLM-3588008768-telefono-con-teclado-3g-y-barra-para-smartphone-6700-classic-_JM_NoIndex_True#reviews
Teléfonos Inteligentes Android Baratos S24 Ultra 6.6 Pulgadas Ram1gb Y Rom16gb Gris,https://www.mercadolibre.com.mx/smartphones-baratos-s24-ultra-66-ram1gb-y-rom16gb-gris/p/MLM2011681284#reviews
10 Smartphone C8 Cloud - 32gb - Paquete Económico Negro,https://www.mercadolibre.com.mx/10-smartphone-c8-cloud--32gb--paquete-economico/up/MLMU3178844514#reviews
Smartphone Con Forma De Gato Brillante,https://articulo.mercadolibre.com.mx/MLM-2111439262-smartphone-con-forma-de-gato-brillante-_JM_NoIndex_True#reviews
Smartphones Android Baratos Gt 20 Pro 5.0 Pulgadas,https://articulo.mercadolibre.com.mx/MLM-3471691228-smartphones-android-baratos-gt-20-pro-50-pulgadas-_JM_NoIndex_True#reviews
Más Barato Dual Sim Smartphone Android 14 Vove Pova 5 Pro Dimensity 9200+ Batería De Duración Ultralarga 16+512gb Pantalla 6.78'' Teléfono Inteligente Negro,https://www.mercadolibre.com.mx/mas-barato-dual-sim-smartphone-android-14-vove-pova-5-pro-dimensity-9200-bateria-de-duracion-ultralarga-16512gb-pantalla-678-telefono-inteligente/up/MLMU3176602102#reviews
"Mini Smartphone Soyes Xs15, Android, Pantalla De 3.0 Pulgada",https://articulo.mercadolibre.com.mx/MLM-3521811478-mini-smartphone-soyes-xs15-android-pantalla-de-30-pulgada-_JM_NoIndex_True#reviews
Vove Pova 5pro Desbloquea Dual Sim 16gb Ram 512gb Rom 2025 El Más Popular Teléfono Inteligente Pantalla 6.78''android14 Red 5g Wifi Más Barato Celular Dorado,https://www.mercadolibre.com.mx/vove-pova-5pro-desbloquea-dual-sim-16gb-ram-512gb-rom-2025-el-mas-popular-telefono-inteligente-pantalla-678android14-red-5g-wifi-mas-barato-celular/up/MLMU3174594009#reviews
Mini Smartphone Android Ultrapequeño Para Estudiantes,https://articulo.mercadolibre.com.mx/MLM-3673209626-mini-smartphone-android-ultrapequeno-para-estudiantes-_JM_NoIndex_True#reviews
Mini Smartphone Android Ultrapequeño Para Estudiantes.,https://articulo.mercadolibre.com.mx/MLM-3651513810-mini-smartphone-android-ultrapequeno-para-estudiantes-_JM_NoIndex_True#reviews
Teléfono Inteligente I14 Pro Max De 2+16 Gb Para Android Ios,https://articulo.mercadolibre.com.mx/MLM-2609833080-telefono-inteligente-i14-pro-max-de-216-gb-para-android-ios-_JM_NoIndex_True#reviews
Smartphone Promax 15 Global 6.8 Con Pantalla Completa De 8 G A,https://articulo.mercadolibre.com.mx/MLM-3011038782-smartphone-promax-15-global-68-con-pantalla-completa-de-8-g-a-_JM_NoIndex_True#reviews
"De Mini Smartphone Soyes Xs15, Android, Pantalla De 3.0 Pulgada",https://articulo.mercadolibre.com.mx/MLM-2177690941-de-mini-smartphone-soyes-xs15-android-pantalla-de-30-pulgada-_JM_NoIndex_True#reviews
2024 Celular S23 Ultra Smartphone 6.8 Pulgadas 8gb+256gb Cellphone La Versión Global Del Teléfono Inteligente Admite Dos Tarjetas Sim,https://articulo.mercadolibre.com.mx/MLM-3005055662-2024-celular-s23-ultra-smartphone-68-pulgadas-8gb256gb-cellphone-la-version-global-del-telefono-inteligente-admite-dos-tarjetas-sim-_JM_NoIndex_True#reviews
Zte Smartphone Blade A55 128gb + 4gb Ram Desbloqueado,https://click1.mercadolibre.com.mx/mclics/clicks/external/MLM/count#reviews
Teléfono Android 13 Dual Sim De 10gb+256gb Rom Screen 6.8pulgadas Celular Hd 8000 Mah Smartphone,https://click1.mercadolibre.com.mx/mclics/clicks/external/MLM/count#reviews
"Dimensity 9200+,dual Sim Vove Pova5 ,5g Wifi Batería De Larga Duración 6.78 Pantalla Grande Celular Smartphone 16gb Ram 512gb Rom.cámara De 50mp+50mp.",https://articulo.mercadolibre.com.mx/MLM-2262588471-dimensity-9200dual-sim-vove-pova5-5g-wifi-bateria-de-larga-duracion-678-pantalla-grande-celular-smartphone-16gb-ram-512gb-romcamara-de-50mp50mp-_JM#reviews
Zte Smartphone Blade V60 Smart 128gb + 4gb Ram,https://articulo.mercadolibre.com.mx/MLM-3525918972-zte-smartphone-blade-v60-smart-128gb-4gb-ram-_JM#reviews
Smartphone Mate50 Pro Android 9.0 7.3 Pulgadas,https://articulo.mercadolibre.com.mx/MLM-2333555920-smartphone-mate50-pro-android-90-73-pulgadas-_JM#reviews
"Unlock S25 Pro Smartphone Cellphones Android,6.8 Inch Screen,8+256gb,24+48mp Mobile Phone 5800mah Phones",https://articulo.mercadolibre.com.mx/MLM-3652779804-unlock-s25-pro-smartphone-cellphones-android68-inch-screen8256gb2448mp-mobile-phone-5800mah-phones-_JM#reviews
Honor 200 Pro Smartphone 12gb+512gb 5200 Mah Oled Curve Dual Sim Black,https://articulo.mercadolibre.com.mx/MLM-2288809511-honor-200-pro-smartphone-12gb512gb-5200-mah-oled-curve-dual-sim-black-_JM#reviews
Smartphone Gamakoo K30 Pro 3gb32gb 68 Dualsim Desbloq.,https://articulo.mercadolibre.com.mx/MLM-3514693518-smartphone-gamakoo-k30-pro-3gb32gb-68-dualsim-desbloq-_JM#reviews
Smartphone Gamakoo K24 Ultra 8gb256gb 7 Dualsim 5g Desbloq.,https://articulo.mercadolibre.com.mx/MLM-3514590122-smartphone-gamakoo-k24-ultra-8gb256gb-7-dualsim-5g-desbloq-_JM#reviews
Dual Sim Reno 12 Pro 512gb+12gb Ram 2024 El Último Modelo Smartphones Android Compatibles Con La Red 5g Ofertas Promocionales Barato Celular,https://articulo.mercadolibre.com.mx/MLM-3594694808-dual-sim-reno-12-pro-512gb12gb-ram-2024-el-ultimo-modelo-smartphones-android-compatibles-con-la-red-5g-ofertas-promocionales-barato-celular-_JM#reviews
Smartphone Samsung Galaxy Z Fold6 Negro 1tb Web Exclusive,https://articulo.mercadolibre.com.mx/MLM-3577537494-smartphone-samsung-galaxy-z-fold6-negro-1tb-web-exclusive-_JM#reviews
Vove Camon 20 Blanco Teléfonos Inteligentes Dual Card Dual Standby Dimensity 8050 Ram12+512gb Pantalla Ultra Hd De 6.67 Batería 5000mah Red 4g/5g,https://articulo.mercadolibre.com.mx/MLM-3620455856-vove-camon-20-blanco-telefonos-inteligentes-dual-card-dual-standby-dimensity-8050-ram12512gb-pantalla-ultra-hd-de-667-bateria-5000mah-red-4g5g-_JM#reviews
I14 Pro Smartphone Neoman Hd De 6.1 Pulgadas 4g/lte Doble Sim Android,https://articulo.mercadolibre.com.mx/MLM-2005566809-i14-pro-smartphone-neoman-hd-de-61-pulgadas-4glte-doble-sim-android-_JM#reviews
Teléfono Inteligente Povo5 Pro De Edición Especial Versión G,https://articulo.mercadolibre.com.mx/MLM-3288551984-telefono-inteligente-povo5-pro-de-edicion-especial-version-g-_JM#reviews
Xiaomi 14t Pro Titan Black 12gb Ram 512gb Rom,https://articulo.mercadolibre.com.mx/MLM-3480037324-xiaomi-14t-pro-titan-black-12gb-ram-512gb-rom-_JM#reviews
Hellokitty Smartphone Students New Kids 2023,https://articulo.mercadolibre.com.mx/MLM-2123262473-hellokitty-smartphone-students-new-kids-2023-_JM#reviews
Teléfonos Inteligentes Android Baratos S23 Ultra Azul 6.1 En 1gb Ram 8gb Rom,https://www.mercadolibre.com.mx/cheap-android-smartphones-s23-ultra-blue-cream-61-in-1gb-ra/p/MLM2004258596#reviews
Dual Sim Camon 20 2025 El Más Popular Teléfono Celular 5g Es Súper Barato 6.67 Pulgadas Pantalla Desbloquea Android 13 Smartphone 12gb Ram 512gb Rom Negro,https://www.mercadolibre.com.mx/dual-sim-camon-20-2025-el-mas-popular-telefono-celular-5g-es-super-barato-667-pulgadas-pantalla-desbloquea-android-13-smartphone-12gb-ram-512gb-rom/up/MLMU3166291934#reviews
3g Celulares Smartphones Teléfonos Inteligentes,https://articulo.mercadolibre.com.mx/MLM-3701907292-3g-celulares-smartphones-telefonos-inteligentes-_JM_NoIndex_True#reviews
Celulares Y Smartphones Dual Sim 512gb 16gb Gran Ram I15 Pro Max Smartphone Android 13 5000mah Battery Bluetooth 5.3,https://articulo.mercadolibre.com.mx/MLM-3642752452-celulares-y-smartphones-dual-sim-512gb-16gb-gran-ram-i15-pro-max-smartphone-android-13-5000mah-battery-bluetooth-53-_JM_NoIndex_True#reviews
2025 El Últimas Ofertas Smartphone Vove S24 Ultra Dual Sim 16g+512gb Teléfono 5g Phone 6.74 Pantalla Último Modelo Celulares Desbloquea,https://articulo.mercadolibre.com.mx/MLM-3536842940-2025-el-ultimas-ofertas-smartphone-vove-s24-ultra-dual-sim-16g512gb-telefono-5g-phone-674-pantalla-ultimo-modelo-celulares-desbloquea-_JM_NoIndex_True#reviews
Doogee V Max Plus Smartphone 22000mah 36gb(16+20) 512gb 200mp Camera 120hz Dimensity 7050 Android 14,https://articulo.mercadolibre.com.mx/MLM-3372622112-doogee-v-max-plus-smartphone-22000mah-36gb1620-512gb-200mp-camera-120hz-dimensity-7050-android-14-_JM_NoIndex_True#reviews
Smartphone Lanix X7 32gb/2gb Ram Negro (13081),https://www.mercadolibre.com.mx/smartphone-lanix-x7-32gb2gb-ram-negro-13081/p/MLM33997238#reviews
"Smartphone Android Barato I14 Pro Max 6.3 Pulgadas De Ram, 1",https://articulo.mercadolibre.com.mx/MLM-2740720368-smartphone-android-barato-i14-pro-max-63-pulgadas-de-ram-1-_JM_NoIndex_True#reviews
"2025 Celulares Y Smartphones I15pm 5000mah Carga Rápidamente La Batería, Uso Duradero, Doble Tarjeta Y Doble Espera, Compatible Con La Señal 4g, 5g",https://articulo.mercadolibre.com.mx/MLM-2286257691-2025-celulares-y-smartphones-i15pm-5000mah-carga-rapidamente-la-bateria-uso-duradero-doble-tarjeta-y-doble-espera-compatible-con-la-senal-4g-5g-_JM_NoIndex_True#reviews
Smartphone Huawei Nova 12s 8+256gb Celular Azul,https://www.mercadolibre.com.mx/smartphone-huawei-nova-12s-8256gb-celular-azul/p/MLM37557455#reviews
Celulares Y Smartphones 12+512gb Memoria Cámara Ultra Hd Gran Angular Dual Sim Dual Standby Celulares 5g Con Bluetooth Wifi 5000 Mah,https://articulo.mercadolibre.com.mx/MLM-3630298720-celulares-y-smartphones-12512gb-memoria-camara-ultra-hd-gran-angular-dual-sim-dual-standby-celulares-5g-con-bluetooth-wifi-5000-mah-_JM_NoIndex_True#reviews
Teléfono Inteligente Smartphone Android S24 Ultra 16 + 1 Tb,https://articulo.mercadolibre.com.mx/MLM-2105873127-telefono-inteligente-smartphone-android-s24-ultra-16-1-tb-_JM_NoIndex_True#reviews
"2025 Celulares Y Smartphones I15pm La Película De Persecución De Drama De Pantalla Súper Clara Es Compatible Con La Red 4g / 5g, Doble Tarjeta Y Doble",https://articulo.mercadolibre.com.mx/MLM-2286245457-2025-celulares-y-smartphones-i15pm-la-pelicula-de-persecucion-de-drama-de-pantalla-super-clara-es-compatible-con-la-red-4g-5g-doble-tarjeta-y-doble-_JM_NoIndex_True#reviews
2025 C20 Celulares Smartphone Insignia Último Procesador Proceso De Red 5g Pantalla De Visualización De Gran Tamaño,https://articulo.mercadolibre.com.mx/MLM-3648641210-2025-c20-celulares-smartphone-insignia-ultimo-procesador-proceso-de-red-5g-pantalla-de-visualizacion-de-gran-tamano-_JM_NoIndex_True#reviews
Celulares Y Smartphones Blanco C20 Dual Sim 512gb Rom Nacional Con Garantía 5g Smartphone,https://articulo.mercadolibre.com.mx/MLM-3650765644-celulares-y-smartphones-blanco-c20-dual-sim-512gb-rom-nacional-con-garantia-5g-smartphone-_JM_NoIndex_True#reviews
"Mini Smartphone Soyes S23 Pro De 2 Gb+16 Gb+8 G Tf 2600 Mah,",https://articulo.mercadolibre.com.mx/MLM-2150680451-mini-smartphone-soyes-s23-pro-de-2-gb16-gb8-g-tf-2600-mah-_JM_NoIndex_True#reviews
Celulares Y Smartphones Cámara C20 Ultra Alta Definición Reconocimiento De Huellas Dactilares,https://articulo.mercadolibre.com.mx/MLM-2286231771-celulares-y-smartphones-camara-c20-ultra-alta-definicion-reconocimiento-de-huellas-dactilares-_JM_NoIndex_True#reviews
2025 Celulares Y Smartphones C20 Cámara Trasera De 50 Mp Batería De Larga Duración Supercharge Desbloqueado Nacional Con Garantía,https://articulo.mercadolibre.com.mx/MLM-2290026121-2025-celulares-y-smartphones-c20-camara-trasera-de-50-mp-bateria-de-larga-duracion-supercharge-desbloqueado-nacional-con-garantia-_JM_NoIndex_True#reviews
"Celulares Y Smartphones I15pm 5000mah Carga Rápidamente La Batería, Uso Duradero, Doble Tarjeta Y Doble Espera, Compatible Con La Señal 4g, 5g",https://articulo.mercadolibre.com.mx/MLM-3645533412-celulares-y-smartphones-i15pm-5000mah-carga-rapidamente-la-bateria-uso-duradero-doble-tarjeta-y-doble-espera-compatible-con-la-senal-4g-5g-_JM_NoIndex_True#reviews
"Celulares Y Smartphones I15pm Es Compatible Con El Acceso A Internet De Alta Velocidad 4g 5g, La Cámara De Belleza De Alta Definición Admite El Desblo",https://articulo.mercadolibre.com.mx/MLM-3645290750-celulares-y-smartphones-i15pm-es-compatible-con-el-acceso-a-internet-de-alta-velocidad-4g-5g-la-camara-de-belleza-de-alta-definicion-admite-el-desblo-_JM_NoIndex_True#reviews
Celulares Y Smartphones Azul C20 Desbloqueado Huella Dactilar 1 Año De Garantía 5g Smartphone,https://articulo.mercadolibre.com.mx/MLM-3650687506-celulares-y-smartphones-azul-c20-desbloqueado-huella-dactilar-1-ano-de-garantia-5g-smartphone-_JM_NoIndex_True#reviews
"Celulares Y Smartphones 2025 Los Teléfonos Inteligentes Populares Camon 20,contarán Con Tarjetas Sim Duales,compatible Con Redes 4g/5g,6.67",https://articulo.mercadolibre.com.mx/MLM-3637160278-celulares-y-smartphones-2025-los-telefonos-inteligentes-populares-camon-20contaran-con-tarjetas-sim-dualescompatible-con-redes-4g5g667-_JM_NoIndex_True#reviews
"Celulares C20 Negro Dual Sim Dual Standby Smartphone 12+512gb Pantalla Ultra Hd Oled De 6,67 Pulgadas Compatible Con 4g/5g Bluetooth 5.3 Andriod 13",https://articulo.mercadolibre.com.mx/MLM-3645328032-celulares-c20-negro-dual-sim-dual-standby-smartphone-12512gb-pantalla-ultra-hd-oled-de-667-pulgadas-compatible-con-4g5g-bluetooth-53-andriod-13-_JM_NoIndex_True#reviews
Smartphone Honor X9c 5g Dual Sim 256gb 12gb Ram Celular 6600 Mah 6.78'' Amoled 120hz Púrpura,https://articulo.mercadolibre.com.mx/MLM-3478861162-smartphone-honor-x9c-5g-dual-sim-256gb-12gb-ram-celular-6600-mah-678-amoled-120hz-purpura-_JM_NoIndex_True#reviews
M15 Pro Dual Sim 2025 El Últimos Precios Más Barato 12gb Ram 512g Rom Smartphone Android 14 Teléfono Inteligente 5g Wifi Celular Global Gps Desbloquea,https://articulo.mercadolibre.com.mx/MLM-2255952887-m15-pro-dual-sim-2025-el-ultimos-precios-mas-barato-12gb-ram-512g-rom-smartphone-android-14-telefono-inteligente-5g-wifi-celular-global-gps-desbloquea-_JM_NoIndex_True#reviews
Dual Sim Teléfono Inteligente Vove Pova 5pro Ram16+512gb Pantalla 6.78'' Batería De Larga Duración Baratos Y Buenos Celular Redes 4g/5g Android 14 Azul,https://www.mercadolibre.com.mx/dual-sim-telefono-inteligente-vove-pova-5pro-ram16512gb-pantalla-678-bateria-de-larga-duracion-baratos-y-buenos-celular-redes-4g5g--android-14/up/MLMU3128104386#reviews
Smartphone S24 Ultra 5.0 Pulgadas 8 Gb Rom 1 Gb Ram Andriod Púrpura,https://articulo.mercadolibre.com.mx/MLM-3019684022-smartphone-s24-ultra-50-pulgadas-8-gb-rom-1-gb-ram-andriod-purpura-_JM_NoIndex_True#reviews
"Mini Teléfono Móvil Android Soyes Xs13, Cristal 3d, Doble Ta",https://articulo.mercadolibre.com.mx/MLM-2096055563-mini-telefono-movil-android-soyes-xs13-cristal-3d-doble-ta-_JM_NoIndex_True#reviews
Dual Sim Teléfono Reno 11f 512gb/16gb Ram Smartphone 2025 Moviles Baratos Y Buenos Celulares Soporta Red 4g/5g Batería De Larga Duración Android14,https://articulo.mercadolibre.com.mx/MLM-3546350130-dual-sim-telefono-reno-11f-512gb16gb-ram-smartphone-2025-moviles-baratos-y-buenos-celulares-soporta-red-4g5g-bateria-de-larga-duracion-android14-_JM_NoIndex_True#reviews
Twl F1x Telefono Celular Economico Dual Sim 2+16gb Expandible A 128gb 3g,https://articulo.mercadolibre.com.mx/MLM-1937071697-twl-f1x-telefono-celular-economico-dual-sim-216gb-expandible-a-128gb-3g-_JM_NoIndex_True#reviews
"Celular Samsung Gt-e1205 Gsm Movistar - 2g, No Smartphone Negro",https://www.mercadolibre.com.mx/celular-samsung-gte1205-gsm-movistar--2g-no-smartphone/up/MLMU3119591307#reviews
Smartphone Multifuncional Para Niños Hello Kitty 2023,https://articulo.mercadolibre.com.mx/MLM-3600415632-smartphone-multifuncional-para-ninos-hello-kitty-2023-_JM_NoIndex_True#reviews
Teléfonos Inteligentes Android Baratos Y53s 4.66 En Ram512mb Y Rom4gb Azul,https://www.mercadolibre.com.mx/smartphone-barato-y53s-466-en-ram512mb-y-rom4gb-azul-claro/p/MLM2010553101#reviews
Supper Mini 3g Smartphone Xs11 Dual Sim Wifi Pequenos Celula,https://www.mercadolibre.com.mx/supper-mini-3g-smartphone-xs11-dual-sim-wifi-pequenos-celula/p/MLM2017428912#reviews
Teléfonos Inteligentes Android Baratos Rino10 5.0 Pulgadas Ram1gb Y Rom8gb Dorado,https://www.mercadolibre.com.mx/smartphone-barato-rino10-50-en-ram1gb-rom8gb-dorado/p/MLM2010785231#reviews
Smartphone Android Barato Reno9 Pro 7.3 Pulgadas 16gb+1tb L,https://articulo.mercadolibre.com.mx/MLM-2184073823-smartphone-android-barato-reno9-pro-73-pulgadas-16gb1tb-l-_JM_NoIndex_True#reviews
Zte Smartphone Blade A55 128gb + 4gb Ram Desbloqueado,https://click1.mercadolibre.com.mx/mclics/clicks/external/MLM/count#reviews
Teléfono Android 13 Dual Sim De 10gb+256gb Rom Screen 6.8pulgadas Celular Hd 8000 Mah Smartphone,https://click1.mercadolibre.com.mx/mclics/clicks/external/MLM/count#reviews
Smartphone Multifuncional Para Niños Hello Kitty 2023 M,https://articulo.mercadolibre.com.mx/MLM-2208911509-smartphone-multifuncional-para-ninos-hello-kitty-2023-m-_JM#reviews
De Roiesvry Xs16 Mini Smartphone De 3 Pulgadas 4g Lte Android,https://articulo.mercadolibre.com.mx/MLM-3417716170-de-roiesvry-xs16-mini-smartphone-de-3-pulgadas-4g-lte-android-_JM#reviews
Smartphones Android Baratos I14 Pro Max 6.53 Pulgads Ram2gb Y Rom16gb,https://articulo.mercadolibre.com.mx/MLM-3571529996-smartphones-android-baratos-i14-pro-max-653-pulgads-ram2gb-y-rom16gb-_JM#reviews
Mini Teléfono Inteligente Android Ultrapequeño Para Estudiar,https://articulo.mercadolibre.com.mx/MLM-2234417161-mini-telefono-inteligente-android-ultrapequeno-para-estudiar-_JM#reviews
Smartphone Multifuncional Para Niños Hello Kitty 2023,https://articulo.mercadolibre.com.mx/MLM-2210926001-smartphone-multifuncional-para-ninos-hello-kitty-2023-_JM#reviews
Smartphone Pova 5 Pro 5.0 Pulgadas 8 Gb Rom 1 Gb Ram Andriod,https://articulo.mercadolibre.com.mx/MLM-3665368690-smartphone-pova-5-pro-50-pulgadas-8-gb-rom-1-gb-ram-andriod-_JM#reviews
Android Dual Sim I16 Pro Max Desbloquea 512gb/12gb Ram 2025 Ultimas Ofertas Soporta 5g Android 14 Pantalla Grande Batería De Larga Duración Smartphone,https://articulo.mercadolibre.com.mx/MLM-3593520286-android-dual-sim-i16-pro-max-desbloquea-512gb12gb-ram-2025-ultimas-ofertas-soporta-5g-android-14-pantalla-grande-bateria-de-larga-duracion-smartphone-_JM#reviews
"Minismartphone Soyes S23 Pro Android 8.1, Espera-mod Co",https://articulo.mercadolibre.com.mx/MLM-2313759911-minismartphone-soyes-s23-pro-android-81-espera-mod-co-_JM#reviews
"Celular Umidigi G9a Dual Sim, 64 Gb, Negro, 4 Gb De Ram",https://articulo.mercadolibre.com.mx/MLM-3406343524-celular-umidigi-g9a-dual-sim-64-gb-negro-4-gb-de-ram-_JM#reviews
Smartphone Xs15 3.0 Pulgadas 16 Gb Rom 2 Gb Ram Andriod,https://articulo.mercadolibre.com.mx/MLM-2294125281-smartphone-xs15-30-pulgadas-16-gb-rom-2-gb-ram-andriod-_JM#reviews
Smartphone 4g Note30 Pro 6.8 Pulgadas 16 Gb Rom 2 Gb Ram Andriod,https://articulo.mercadolibre.com.mx/MLM-2302084511-smartphone-4g-note30-pro-68-pulgadas-16-gb-rom-2-gb-ram-andriod-_JM#reviews
Celular Ulefone Armor X31 Dual Sim Teléfono Resistente Android 14 6.56 6+6gb Ram 128gb Rom Cámara Nocturna Nfc Ir Blaster Smartphone Versión Global,https://articulo.mercadolibre.com.mx/MLM-3605585186-celular-ulefone-armor-x31-dual-sim-telefono-resistente-android-14-656-66gb-ram-128gb-rom-camara-nocturna-nfc-ir-blaster-smartphone-version-global-_JM#reviews
Smartphone Android Barato C20pro 7.3 16 Gb +,https://articulo.mercadolibre.com.mx/MLM-2314708327-smartphone-android-barato-c20pro-73-16-gb--_JM#reviews
Ff Teléfono Inteligente Android I15pro Max 16+1tb,https://articulo.mercadolibre.com.mx/MLM-2314824057-ff-telefono-inteligente-android-i15pro-max-161tb-_JM#reviews
"Nubia Smartphone Neo 3 Gt 5g Gris 6.7 120hz, 50mp+2mp, 256gb+8 Gb Ram, Batería 6000mah, Android 15",https://articulo.mercadolibre.com.mx/MLM-3618078884-nubia-smartphone-neo-3-gt-5g-gris-67-120hz-50mp2mp-256gb8-gb-ram-bateria-6000mah-android-15-_JM#reviews
Smartphone Celular Tech Pad X9 6.52 Quad Core 32gb 2gb Ram,https://articulo.mercadolibre.com.mx/MLM-2148809718-smartphone-celular-tech-pad-x9-652-quad-core-32gb-2gb-ram-_JM#reviews
Pova 5 Pro Teléfono Móvil Dorado Hd+ Pantalla Huella Dactilar Supercharge 512gb Rom 1 Año De Garantía Celulares Smartphone Android 14,https://articulo.mercadolibre.com.mx/MLM-2292349155-pova-5-pro-telefono-movil-dorado-hd-pantalla-huella-dactilar-supercharge-512gb-rom-1-ano-de-garantia-celulares-smartphone-android-14-_JM#reviews
Celulares Y Smartphones Azul Pova 5 Pro Dual Sim 512gb Rom Nacional Con Garantía 5g Smartphone,https://articulo.mercadolibre.com.mx/MLM-2288811437-celulares-y-smartphones-azul-pova-5-pro-dual-sim-512gb-rom-nacional-con-garantia-5g-smartphone-_JM#reviews
"Smartphones 5g Desbloquea La Versión Global I15 Promax,8gb+256gb Dual Sim,teléfonos Inteligentes De Pantalla Completa De 6,8 Pulgadas",https://articulo.mercadolibre.com.mx/MLM-2259237357-smartphones-5g-desbloquea-la-version-global-i15-promax8gb256gb-dual-simtelefonos-inteligentes-de-pantalla-completa-de-68-pulgadas-_JM#reviews
Celular Smartphone Barato Pantalla Táctil Vortex 64gb Rom Y 4 Ram,https://articulo.mercadolibre.com.mx/MLM-1992481583-celular-smartphone-barato-pantalla-tactil-vortex-64gb-rom-y-4-ram-_JM#reviews
Bmobile Smartphone Ax1076+ Negro Dual Sim Desbloqueado Android,https://articulo.mercadolibre.com.mx/MLM-3469514664-bmobile-smartphone-ax1076-negro-dual-sim-desbloqueado-android-_JM#reviews
Yeemi M3+ Flip Smartphone 3g Lte Gran Teclado Cámara Hd,https://articulo.mercadolibre.com.mx/MLM-1986455829-yeemi-m3-flip-smartphone-3g-lte-gran-teclado-camara-hd-_JM#reviews
Smartphone Android Barato S23ultra 6.3 Pulgadas Ram1gb,https://articulo.mercadolibre.com.mx/MLM-2285902198-smartphone-android-barato-s23ultra-63-pulgadas-ram1gb-_JM#reviews
Música Smartphone 2+16gb Hd Pantalla Grande 6.7 Pulgadas,https://articulo.mercadolibre.com.mx/MLM-3387468806-musica-smartphone-216gb-hd-pantalla-grande-67-pulgadas-_JM#reviews
"Xiaomi Redmi 13c 5g Smartphone, 128gb, 6gb Ram, Dual Sim Card, Mediatek Dimensity 6100+ With Immersive 6.74 90hz Display, Miui 14, Unlocked",https://articulo.mercadolibre.com.mx/MLM-3412027468-xiaomi-redmi-13c-5g-smartphone-128gb-6gb-ram-dual-sim-card-mediatek-dimensity-6100-with-immersive-674-90hz-display-miui-14-unlocked-_JM#reviews
"Smartphone De 5.5 Pulgadas, 2.4 G, 5 G, 8 Núcleos, 2 Gb De R",https://articulo.mercadolibre.com.mx/MLM-1881840631-smartphone-de-55-pulgadas-24-g-5-g-8-nucleos-2-gb-de-r-_JM#reviews
B0d Mini Smartphone Android Ultrapequeño Para Estudiantes 2024.,https://articulo.mercadolibre.com.mx/MLM-2220556457-b0d-mini-smartphone-android-ultrapequeno-para-estudiantes-2024-_JM#reviews
"Celulares Y Smartphones Nuevo Teléfono Móvil De Bajo Precio Pova-5,ram 16+512g. Procesador Dimensity 9200+. Android 14",https://articulo.mercadolibre.com.mx/MLM-3631830812-celulares-y-smartphones-nuevo-telefono-movil-de-bajo-precio-pova-5ram-16512g-procesador-dimensity-9200-android-14-_JM#reviews
Smartphone Android M12+ultra 6.3 Pulgadas 3g Ram1gb Rom8gb,https://articulo.mercadolibre.com.mx/MLM-2285912178-smartphone-android-m12ultra-63-pulgadas-3g-ram1gb-rom8gb-_JM#reviews
Smartphone Realme 10 6.4 128gb/8gb Cámara 50mp+2mp/16mp,https://articulo.mercadolibre.com.mx/MLM-2256346083-smartphone-realme-10-64-128gb8gb-camara-50mp2mp16mp-_JM#reviews
Celular Android Pova 5 Pro De 5.0 En Plateado,https://www.mercadolibre.com.mx/s-telefono-inteligente-5pro-version-global-smartphone16gb1tb/p/MLM2006341514#reviews
"Doogee S100 Pro 4g Rugged Smartphone Android 12 20gb+256gbb Waterproof Cell Phone, 6.58 Fhd+ Screen, 22000mah Battery 33w, 108mp+20mp Camera",https://articulo.mercadolibre.com.mx/MLM-2806976312-doogee-s100-pro-4g-rugged-smartphone-android-12-20gb256gbb-waterproof-cell-phone-658-fhd-screen-22000mah-battery-33w-108mp20mp-camera-_JM_NoIndex_True#reviews
Celulares Y Smartphones Dorado Pova 5 Pro Hd+ Pantalla Huella Dactilar Supercharge 512gb Rom Gran Memoria 4g 5g Nacional Con Garantía,https://articulo.mercadolibre.com.mx/MLM-2292207407-celulares-y-smartphones-dorado-pova-5-pro-hd-pantalla-huella-dactilar-supercharge-512gb-rom-gran-memoria-4g-5g-nacional-con-garantia-_JM_NoIndex_True#reviews
2025 Nuevo Ofertas Dual Sim Smartphone Vove I 15pro Max Android 13 Celular 6.74'' Grande Pantalla Helio G99 Ram16+512gb Soporta Red 4g/5g Wifi Azul,https://www.mercadolibre.com.mx/2025-nuevo-ofertas-dual-sim-smartphone-vove-i-15pro-max-android-13-celular-674-grande-pantalla-helio-g99-ram16512gb-soporta-red-4g5g-wifi/up/MLMU3175869810#reviews
S25 Ultra 2025 El Último Smartphone Con 5g Wifi Internet Rápida Súper Velocidad Ultra Barato 6.8 Pantalla Grande Desbloqueada Dual Sim 16gb+512gb Negro,https://www.mercadolibre.com.mx/s25-ultra-2025-el-ultimo-smartphone-con-5g-wifi-internet-rapida-super-velocidad-ultra-barato-68-pantalla-grande-desbloqueada-dual-sim-16gb512gb/up/MLMU3176860793#reviews
Celulares Y Smartphones Dorado Pova 5 Pro Desbloqueado Huella Dactilar 1 Año De Garantía 5g Smartphone,https://articulo.mercadolibre.com.mx/MLM-2288915161-celulares-y-smartphones-dorado-pova-5-pro-desbloqueado-huella-dactilar-1-ano-de-garantia-5g-smartphone-_JM_NoIndex_True#reviews
. Celular Android 4g 11 Pro+ De 6.8 En Verde,https://www.mercadolibre.com.mx/2025-celular-android-4g-11-pro-de-68-en-verde/p/MLM2006366273#reviews
Dual Sim Business Smartphone Vove Pova 5pro Dimensity 9200+ Android 14 Ram16+512gb Batería 5000mah Pantalla 6.78'' Red 5g Ultrarrápida Celulares Dorado,https://www.mercadolibre.com.mx/dual-sim-business-smartphone-vove-pova-5pro-dimensity-9200-android-14-ram16512gb-bateria-5000mah-pantalla-678-red-5g-ultrarrapida-celulares/up/MLMU3154860174#reviews
Xiaomi Redmi 14c Smartphone 8gb/256gb Interno Azul + Filwans Gts Mini Plata + Buds 6 Active Azul,https://articulo.mercadolibre.com.mx/MLM-2263868123-xiaomi-redmi-14c-smartphone-8gb256gb-interno-azul-filwans-gts-mini-plata-buds-6-active-azul-_JM_NoIndex_True#reviews
Vove Pova-5 Dual Sim 2025 Últimas Más Barato Teléfono Android 14 Dimensity 9200+ Pantalla 6.78'' Batería De Larga Duración Soporta Red 4g/5g Wifi Azul,https://www.mercadolibre.com.mx/vove-pova5-dual-sim-2025-ultimas-mas-barato-telefono-android-14-dimensity-9200-pantalla-678-bateria-de-larga-duracion-soporta-red-4g5g-wifi/up/MLMU3170503277#reviews
Hellokitty Smartphone Students New Kids 2023,https://articulo.mercadolibre.com.mx/MLM-3205414926-hellokitty-smartphone-students-new-kids-2023-_JM_NoIndex_True#reviews
Para Mini Smartphone Android Ultrapequeño Para Estudiantes,https://articulo.mercadolibre.com.mx/MLM-3663496202-para-mini-smartphone-android-ultrapequeno-para-estudiantes-_JM_NoIndex_True#reviews
Para Rx Mini Smartphone Android Ultrapequeño Para,https://articulo.mercadolibre.com.mx/MLM-3663400406-para-rx-mini-smartphone-android-ultrapequeno-para-_JM_NoIndex_True#reviews
Vove Camon 20 Dual Sim 2025 Más Populares Smartphone Android 13 Ram 12+512gb Suppora 4g/5g Red Wifi Teléfono Con Gps Últimas Ofertas Celulares,https://articulo.mercadolibre.com.mx/MLM-2285564443-vove-camon-20-dual-sim-2025-mas-populares-smartphone-android-13-ram-12512gb-suppora-4g5g-red-wifi-telefono-con-gps-ultimas-ofertas-celulares-_JM_NoIndex_True#reviews
Dual Sim Android I16 Pro Max Desbloquea 512gb/12gb Ram 2025 Ultimas Ofertas Soporta 5g Wifi Android 14 Batería De Larga Duración Smartphone,https://articulo.mercadolibre.com.mx/MLM-3584057042-dual-sim-android-i16-pro-max-desbloquea-512gb12gb-ram-2025-ultimas-ofertas-soporta-5g-wifi-android-14-bateria-de-larga-duracion-smartphone-_JM_NoIndex_True#reviews
"Mini Smartphone Soyes S23 Pro Android 8.1, Modo De Espera",https://articulo.mercadolibre.com.mx/MLM-3493611196-mini-smartphone-soyes-s23-pro-android-81-modo-de-espera-_JM_NoIndex_True#reviews
Teléfono Inteligente I14 Pro Max Android 6.7 Pulgadas Blanco,https://www.mercadolibre.com.mx/smartphone-i14-pro-max-android-8gb256gb-67-pulgadas-blanco/p/MLM2006815242#reviews
Mini Smartphone 3g Android Ultrapequeño Para Estudiantes,https://articulo.mercadolibre.com.mx/MLM-3579144376-mini-smartphone-3g-android-ultrapequeno-para-estudiantes-_JM_NoIndex_True#reviews
Smartphone Para Reno 4 Pro 3g Ram 1gb Rom 8gb Azul,https://www.mercadolibre.com.mx/2025-telefono-inteligente-android-barato-reno4-pro-58-pulgadas-ram-1-gb-y-rom-8-gb-negro/p/MLM2004009401#reviews
"Celulares Y Smartphones Pova 5pro 16+512g. Dimensity 9200+. Smartphone De 6,78. Pantalla Con Resolución 3k. Batería De 5000 Mah",https://articulo.mercadolibre.com.mx/MLM-3642955860-celulares-y-smartphones-pova-5pro-16512g-dimensity-9200-smartphone-de-678-pantalla-con-resolucion-3k-bateria-de-5000-mah-_JM_NoIndex_True#reviews
Zte Smartphone Blade A55 128gb + 4gb Ram Desbloqueado,https://click1.mercadolibre.com.mx/mclics/clicks/external/MLM/count#reviews
Teléfono Android 13 Dual Sim De 10gb+256gb Rom Screen 6.8pulgadas Celular Hd 8000 Mah Smartphone,https://click1.mercadolibre.com.mx/mclics/clicks/external/MLM/count#reviews
2025 Últimas El Smartphone Dual Sim S24 Ultra 512gb/16gb Ram Soporta 4g/5g Red Android13 Phone Hd Píxeles De Alta Definición Celular 5000mah Batería,https://articulo.mercadolibre.com.mx/MLM-3541948312-2025-ultimas-el-smartphone-dual-sim-s24-ultra-512gb16gb-ram-soporta-4g5g-red-android13-phone-hd-pixeles-de-alta-definicion-celular-5000mah-bateria-_JM#reviews
De Android Celulares Xs15 3.0 Pulgadas Barato Ram2gb Rom16gb Púrpura,https://www.mercadolibre.com.mx/13-android-celulares-xs15-30-pulgadas-barato-ram2gb-rom16gb-purpura/p/MLM2002925192#reviews
Para Z0hz Android Celulares I14 Pro Max 6.3 Pulgadas Barato Ram1gb Y Rom16gb Verde,https://www.mercadolibre.com.mx/wed-smartphone-i14-pro-max-63-pulgadas-16-gb-rom-1-gb-ram-andriod-verde/p/MLM2012352140#reviews
Celular Smartphone Económico Alcatel 1c Color Rosa Claro,https://articulo.mercadolibre.com.mx/MLM-1550848956-celular-smartphone-economico-alcatel-1c-color-rosa-claro-_JM_NoIndex_True#reviews
Celulares Teléfono Móvil Pova5 Pro Android 14 Ram 16gb Procesador Dimensity 9200+ 5g Smartphone Huella Dactilar Doble Modo De Espera 5g Con Doble Sim,https://articulo.mercadolibre.com.mx/MLM-3655516084-celulares-telefono-movil-pova5-pro-android-14-ram-16gb-procesador-dimensity-9200-5g-smartphone-huella-dactilar-doble-modo-de-espera-5g-con-doble-sim-_JM_NoIndex_True#reviews
Celulares Y Smartphones I15 Pro Max Negro 16+512gb 6.74 Oled 5000mah Bluetooth 5.3 Andriod 13 Excelente Calidad,https://articulo.mercadolibre.com.mx/MLM-2284601629-celulares-y-smartphones-i15-pro-max-negro-16512gb-674-oled-5000mah-bluetooth-53-andriod-13-excelente-calidad-_JM_NoIndex_True#reviews
"De Mini Smartphone Soyes Xs15, Android, Pantalla De 3.0 Pulgada",https://articulo.mercadolibre.com.mx/MLM-2177678889-de-mini-smartphone-soyes-xs15-android-pantalla-de-30-pulgada-_JM_NoIndex_True#reviews
Motorola Razr 50 Ultra 5g Smartphone 512gb 12gb Ram Dual Sim Teléfono Inteligente Plegable Celular 165 Hz Con Nfc Peach Fuzz,https://articulo.mercadolibre.com.mx/MLM-3415872308-motorola-razr-50-ultra-5g-smartphone-512gb-12gb-ram-dual-sim-telefono-inteligente-plegable-celular-165-hz-con-nfc-peach-fuzz-_JM_NoIndex_True#reviews
2025 Súper Barato Smartphone Dual Sim M15 Pro 12gb Ram 512g Teléfono Inteligente 4g/5g Desbloqueado Celular Batería De Larga Duración Android 14,https://articulo.mercadolibre.com.mx/MLM-2257532803-2025-super-barato-smartphone-dual-sim-m15-pro-12gb-ram-512g-telefono-inteligente-4g5g-desbloqueado-celular-bateria-de-larga-duracion-android-14-_JM_NoIndex_True#reviews
Xiaomi Redmi Note 14 Pro+ 12 Gb/256 Gb 5g Verde,https://www.mercadolibre.com.mx/xiaomi-redmi-note-14-pro-12-gb-256-gb-5g-verde/p/MLM2016869021#reviews
"Mini Teléfono Móvil Android Soyes Xs13, Cristal 3d, Doble Ta",https://articulo.mercadolibre.com.mx/MLM-2033247033-mini-telefono-movil-android-soyes-xs13-cristal-3d-doble-ta-_JM_NoIndex_True#reviews
"Teléfono Inteligente Smartphone Android S24 Ultra 16 + 1 Tb,",https://articulo.mercadolibre.com.mx/MLM-2210973491-telefono-inteligente-smartphone-android-s24-ultra-16-1-tb-_JM_NoIndex_True#reviews
Tlc 20e,https://articulo.mercadolibre.com.mx/MLM-2003930117-tlc-20e-_JM_NoIndex_True#reviews
Último Modelo 2025 Dual Sim Reno 12 Pro 512gb+12gb Desbloqueado Nuevos Smartphones Android Compatibles Con La 5g Ofertas Promocionales Con Descuentos,https://articulo.mercadolibre.com.mx/MLM-3703140824-ultimo-modelo-2025-dual-sim-reno-12-pro-512gb12gb-desbloqueado-nuevos-smartphones-android-compatibles-con-la-5g-ofertas-promocionales-con-descuentos-_JM_NoIndex_True#reviews
2025 Dual Sim Reno 12 Pro 512gb+12gb Desbloqueado Nuevos Smartphones Android Compatibles Con La 5g Wifi,https://articulo.mercadolibre.com.mx/MLM-2317089141-2025-dual-sim-reno-12-pro-512gb12gb-desbloqueado-nuevos-smartphones-android-compatibles-con-la-5g-wifi-_JM_NoIndex_True#reviews
Dual Sim 2025 Taplet Smartphones S25 Ultra 16gb Ram+512gb El Más Popular Teléfono Celular 5g Es Súper Barato 6.8 Pantalla Grande Desbloquea,https://articulo.mercadolibre.com.mx/MLM-2318176393-dual-sim-2025-taplet-smartphones-s25-ultra-16gb-ram512gb-el-mas-popular-telefono-celular-5g-es-super-barato-68-pantalla-grande-desbloquea-_JM_NoIndex_True#reviews
"2025 Smartphone Taplet Dual Sim M15 Pro 512gb+12gb Android Últimas Ofertas Soporta Red 5g Android 14 Pantalla Ultra Hd De 6,8 In",https://articulo.mercadolibre.com.mx/MLM-2318190931-2025-smartphone-taplet-dual-sim-m15-pro-512gb12gb-android-ultimas-ofertas-soporta-red-5g-android-14-pantalla-ultra-hd-de-68-in-_JM_NoIndex_True#reviews
Último Modelo 2025 Dual Sim Note 30i 512gb+12gb Desbloqueado Nuevos Smartphones Android Compatibles Con La 5gwifi Ofertas Promocionales Con Descuentos,https://articulo.mercadolibre.com.mx/MLM-3703280706-ultimo-modelo-2025-dual-sim-note-30i-512gb12gb-desbloqueado-nuevos-smartphones-android-compatibles-con-la-5gwifi-ofertas-promocionales-con-descuentos-_JM_NoIndex_True#reviews
"Mini Smartphone Soyes S23 Pro Android 8.1,2+16g Dual Sim,3g",https://articulo.mercadolibre.com.mx/MLM-3487123714-mini-smartphone-soyes-s23-pro-android-81216g-dual-sim3g-_JM_NoIndex_True#reviews
"Mini Smartphone Xs15 Android Potente, Pantalla 3.0 Ultra",https://articulo.mercadolibre.com.mx/MLM-3644667998-mini-smartphone-xs15-android-potente-pantalla-30-ultra-_JM_NoIndex_True#reviews
"Celulares Y Smartphones Pova 5 Pro Dual Sim 512gb La Película De Persecución De Drama De Pantalla Súper Clara Es Compatible Con La Red 4g / 5g, Doble",https://articulo.mercadolibre.com.mx/MLM-2286305235-celulares-y-smartphones-pova-5-pro-dual-sim-512gb-la-pelicula-de-persecucion-de-drama-de-pantalla-super-clara-es-compatible-con-la-red-4g-5g-doble-_JM_NoIndex_True#reviews
Po-co C65 128gb International Version Android Smart Phone,https://articulo.mercadolibre.com.mx/MLM-3704091590-po-co-c65-128gb-international-version-android-smart-phone-_JM_NoIndex_True#reviews
Dual Sim 2025 El Más Popular Celulares I16 Pro Max 5g Wifi Es Barato Android 14 Desbloquea 12gb+512gb 5500mah Batería De Larga Duración Smartphone,https://articulo.mercadolibre.com.mx/MLM-2260388111-dual-sim-2025-el-mas-popular-celulares-i16-pro-max-5g-wifi-es-barato-android-14-desbloquea-12gb512gb-5500mah-bateria-de-larga-duracion-smartphone-_JM_NoIndex_True#reviews
Q Teléfono Inteligente Android Barato I14 Pro Max 6.1,https://articulo.mercadolibre.com.mx/MLM-3647870696-q-telefono-inteligente-android-barato-i14-pro-max-61-_JM_NoIndex_True#reviews
Dual Sim Smartphone Vove S24 Ultra 16g+512gb 2025 Últimas Ofertas Teléfono Soporta Red 5g Android 13 Gran Capacidad De Batería Súper Barato Celulares Negro,https://www.mercadolibre.com.mx/dual-sim-smartphone-vove-s24-ultra-16g512gb-2025-ultimas-ofertas-telefono-soporta-red-5g-android-13-gran-capacidad-de-bateria-super-barato-celulares/up/MLMU3126921493#reviews
Mini Smartphone Android Ultrapequeño Para Estudiantes,https://articulo.mercadolibre.com.mx/MLM-3673337320-mini-smartphone-android-ultrapequeno-para-estudiantes-_JM_NoIndex_True#reviews
Hellokitty Smartphone Students New Kids 2023,https://articulo.mercadolibre.com.mx/MLM-3624117264-hellokitty-smartphone-students-new-kids-2023-_JM_NoIndex_True#reviews
Ff Teléfono Inteligente Android I15pro Max 16+1tb,https://articulo.mercadolibre.com.mx/MLM-3698972400-ff-telefono-inteligente-android-i15pro-max-161tb-_JM_NoIndex_True#reviews
Smartphone Android Barato C20pro 7.3 16 Gb +,https://articulo.mercadolibre.com.mx/MLM-3699130374-smartphone-android-barato-c20pro-73-16-gb--_JM_NoIndex_True#reviews
Celulares Doble Tarjeta Y Doble Modo De Espera I15 Pro Max Celulares Y Smartphones 16+512gb Android 14 6.74 Hd Oled Último Procesador Recarga Rápida,https://articulo.mercadolibre.com.mx/MLM-3643063202-celulares-doble-tarjeta-y-doble-modo-de-espera-i15-pro-max-celulares-y-smartphones-16512gb-android-14-674-hd-oled-ultimo-procesador-recarga-rapida-_JM_NoIndex_True#reviews
Celulares Y Smartphones Dorado Pova 5 Pro Hd+ Pantalla Huella Dactilar Supercharge 512gb Rom Dimensity 9200+ Dual Sim 4g/5g Teléfono Móvil,https://articulo.mercadolibre.com.mx/MLM-2292232719-celulares-y-smartphones-dorado-pova-5-pro-hd-pantalla-huella-dactilar-supercharge-512gb-rom-dimensity-9200-dual-sim-4g5g-telefono-movil-_JM_NoIndex_True#reviews
Celulares Doble Tarjeta Y Doble Modo De Espera I15 Pro Max Celulares Y Smartphones 16+512gb Android 14 6.74 Hd Oled Último Procesador Recarga Rápida,https://articulo.mercadolibre.com.mx/MLM-3620647692-celulares-doble-tarjeta-y-doble-modo-de-espera-i15-pro-max-celulares-y-smartphones-16512gb-android-14-674-hd-oled-ultimo-procesador-recarga-rapida-_JM_NoIndex_True#reviews
Teléfono Con Teclado 3g Y Barra Para Smartphone 6700 Classic,https://articulo.mercadolibre.com.mx/MLM-2247689235-telefono-con-teclado-3g-y-barra-para-smartphone-6700-classic-_JM_NoIndex_True#reviews
Nubia Redmagic 9 Pro 5g Smartphone 16gb Ram 512gbrom Cyclone Global Version Snapdragon 8 Gen 3 Udc 6.8 50mp 6500mah Nfc,https://articulo.mercadolibre.com.mx/MLM-2741979812-nubia-redmagic-9-pro-5g-smartphone-16gb-ram-512gbrom-cyclone-global-version-snapdragon-8-gen-3-udc-68-50mp-6500mah-nfc-_JM_NoIndex_True#reviews
Teléfono Inteligente Android Barato I14 Pro Max 6.3 Pulgadas Ram 1 Gb Y Rom 16 Gb Azul,https://www.mercadolibre.com.mx/smartphones-android-baratos-i14-pro-max-63-pulgadas-azul/p/MLM2015070880#reviews
Mini Teléfono Inteligente Android Ultrapequeño Para Estudiar,https://articulo.mercadolibre.com.mx/MLM-3668959348-mini-telefono-inteligente-android-ultrapequeno-para-estudiar-_JM_NoIndex_True#reviews
Nubia Redmagic 8 Pro 5g Smartphone 12gb Ram 256gb Rom Matte Global Version Gaming Celular 6.8'' Snapdragon 8 Gen 2 Octa Core 50mp Triple Cameras Nfc,https://www.mercadolibre.com.mx/nubia-redmagic-8-pro-5g-smartphone-12gb-ram-256gb-rom-matte-global-version-gaming-celular-68-snapdragon-8-gen-2-octa-core-50mp-triple-cameras-nfc/p/MLM21651740#reviews
Telefono Smarphone Economico True Slim 5516d Dual Sim 4g 2+16gb Reconocimiento Facial Pantalla 5.5pulgadas,https://articulo.mercadolibre.com.mx/MLM-2161774547-telefono-smarphone-economico-true-slim-5516d-dual-sim-4g-216gb-reconocimiento-facial-pantalla-55pulgadas-_JM_NoIndex_True#reviews
Tt . Roiesvry Xs16 Mini Smartphone De 3 Pulgadas 4g Lte,https://articulo.mercadolibre.com.mx/MLM-3500887554-tt-roiesvry-xs16-mini-smartphone-de-3-pulgadas-4g-lte-_JM_NoIndex_True#reviews
Hellokitty Smartphone Students New Kids 2023,https://articulo.mercadolibre.com.mx/MLM-3624288642-hellokitty-smartphone-students-new-kids-2023-_JM_NoIndex_True#reviews
Hellokitty Smartphone Students New Kids 2023,https://articulo.mercadolibre.com.mx/MLM-3559110698-hellokitty-smartphone-students-new-kids-2023-_JM_NoIndex_True#reviews
Honor Magic 6 Lite 5g 8+512 Gb En Negro Sin Cargador,https://articulo.mercadolibre.com.mx/MLM-2221093773-honor-magic-6-lite-5g-8512-gb-en-negro-sin-cargador-_JM_NoIndex_True#reviews
Mini Teléfono Inteligente Android Ultrapequeño Para Estudiar,https://articulo.mercadolibre.com.mx/MLM-3557546074-mini-telefono-inteligente-android-ultrapequeno-para-estudiar-_JM_NoIndex_True#reviews
Celulares Y Smartphones I15 Pro Max Negro 512gb 6.74 Hd Oled 5000mah Bluetooth 5.3 Andriod 13 Excelente Calidad,https://articulo.mercadolibre.com.mx/MLM-2284731323-celulares-y-smartphones-i15-pro-max-negro-512gb-674-hd-oled-5000mah-bluetooth-53-andriod-13-excelente-calidad-_JM_NoIndex_True#reviews
Para Teléfono Móvil Barato Unihertz Jelly Pro 16gb Rom 4g 2gb,https://www.mercadolibre.com.mx/mini-smartphone-unihertz-jelly-pro-16gb-rom-4g-2gb-ram/p/MLM2001973387#reviews
Reno 13 Pro 2025 El Más Popular Teléfono Inteligente Desbloquea Dual Sim 16gb Ram 512gb Rom Smartphone Android 14 Velocidad De La Red 5g Wifi Celular,https://articulo.mercadolibre.com.mx/MLM-3606445764-reno-13-pro-2025-el-mas-popular-telefono-inteligente-desbloquea-dual-sim-16gb-ram-512gb-rom-smartphone-android-14-velocidad-de-la-red-5g-wifi-celular-_JM_NoIndex_True#reviews
Smartphone Android Barato C20pro 7.3 16 Gb +,https://articulo.mercadolibre.com.mx/MLM-2314721097-smartphone-android-barato-c20pro-73-16-gb--_JM_NoIndex_True#reviews
Ff Teléfono Inteligente Android I15pro Max 16+1tb,https://articulo.mercadolibre.com.mx/MLM-3698985404-ff-telefono-inteligente-android-i15pro-max-161tb-_JM_NoIndex_True#reviews
Dual Sim Celular Vove Pova 5pro Android14 Dimensity 9200+ Venta Caliente Teléfono Inteligente Ram16+512gb Pantalla 6.78'' Batería 5000mah Red 5g Wifi,https://articulo.mercadolibre.com.mx/MLM-3665499576-dual-sim-celular-vove-pova-5pro-android14-dimensity-9200-venta-caliente-telefono-inteligente-ram16512gb-pantalla-678-bateria-5000mah-red-5g-wifi-_JM_NoIndex_True#reviews
Smartphone Xiaomi Poco M6 Pro 12+512 Gb negro,https://www.mercadolibre.com.mx/smartphone-xiaomi-poco-m6-pro-12512-gb-negro/p/MLM41387687#reviews
